id,title,year,genres,description
1,The Matrix,1999,"Sci-Fi, Action","A hacker discovers reality is a simulation and joins a rebellion against machines controlling humanity."
2,Inception,2010,"Sci-Fi, Thriller","A thief who steals secrets from dreams is offered a chance to plant an idea instead, deep inside a target's subconscious."
3,Interstellar,2014,"Sci-Fi, Drama","A former pilot leads a mission through a wormhole to find a new home for humanity as Earth becomes uninhabitable."
4,Blade Runner 2049,2017,"Sci-Fi, Drama","A new blade runner uncovers a secret that could plunge society into chaos and leads him to a former blade runner missing for decades."
5,Arrival,2016,"Sci-Fi, Drama","A linguist is recruited to communicate with alien visitors after twelve mysterious spacecraft appear around the world."
6,The Martian,2015,"Sci-Fi, Drama","An astronaut is presumed dead and left behind on Mars, and must find a way to survive and signal Earth that he is alive."
7,Gravity,2013,"Sci-Fi, Thriller","Two astronauts work to survive after debris destroys their space shuttle mid-mission, leaving them stranded in orbit."
8,Dune,2021,"Sci-Fi, Adventure","A young nobleman travels to a dangerous desert planet to ensure his family's future amid political and ecological conflict."
9,The Shawshank Redemption,1994,"Drama","A banker wrongly convicted of murder forms a friendship with a fellow inmate over decades in prison."
10,The Godfather,1972,"Drama, Crime","The aging patriarch of a crime family transfers control to his reluctant youngest son."
11,Forrest Gump,1994,"Drama, Romance","A kind-hearted man with a low IQ recounts the decades of extraordinary events he witnessed and shaped in America."
12,Good Will Hunting,1997,"Drama","A janitor at MIT with a genius-level intellect must confront his past with the help of a therapist and a professor."
13,The Pursuit of Happyness,2006,"Drama","A struggling salesman takes custody of his son as he begins a life-changing internship at a brokerage firm."
14,A Beautiful Mind,2001,"Drama, Biography","A brilliant mathematician battles schizophrenia while making groundbreaking contributions to game theory."
15,Parasite,2019,"Drama, Thriller","A poor family schemes to become employed by a wealthy household, leading to unexpected and violent consequences."
16,Whiplash,2014,"Drama, Music","A young drummer enrolls at a cutthroat music conservatory and is pushed to his limits by an abusive instructor."
17,The Grand Budapest Hotel,2014,"Comedy, Adventure","A legendary concierge and his loyal lobby boy become entangled in a theft and murder involving a family fortune."
18,Superbad,2007,"Comedy","Two high school best friends try to buy alcohol for a party before they separate for college."
19,Bridesmaids,2011,"Comedy","A maid of honor's life unravels as she competes with a new bridesmaid for the bride's affection."
20,The Grand Tour: Comedy Night,2018,"Comedy","A stand-up special blending observational humor with sharp social commentary."
21,Knives Out,2019,"Mystery, Comedy","A detective investigates the death of a wealthy crime novelist, uncovering secrets among his dysfunctional family."
22,Se7en,1995,"Thriller, Crime","Two detectives hunt a serial killer who uses the seven deadly sins as his motive for murder."
23,Gone Girl,2014,"Thriller, Mystery","A man becomes the prime suspect in his wife's disappearance as dark truths about their marriage emerge."
24,Prisoners,2013,"Thriller, Drama","A father takes matters into his own hands after police fail to find his daughter and her friend, who vanished."
25,No Country for Old Men,2007,"Thriller, Crime","A hunter stumbles upon a drug deal gone wrong and finds himself pursued by a relentless killer."
26,Spirited Away,2001,"Animation, Fantasy","A young girl wanders into a spirit world and must find courage and work to free her parents and return home."
27,Coco,2017,"Animation, Family","A boy is transported to the Land of the Dead, where he seeks the truth about his family's mysterious history."
28,Howl's Moving Castle,2004,"Animation, Fantasy","A young woman cursed with old age seeks a cure with the help of a wizard and his magical, walking castle."
29,The Lion King,1994,"Animation, Family","A young lion prince flees his kingdom after his father's death, only to learn the true meaning of responsibility."
30,Your Name,2016,"Animation, Romance","Two teenagers, one in the city and one in the countryside, discover they are mysteriously swapping bodies."
31,Mad Max: Fury Road,2015,"Action, Adventure","A woman rebels against a tyrannical ruler in a post-apocalyptic wasteland, aided by a wandering survivor."
32,John Wick,2014,"Action, Thriller","A retired hitman seeks vengeance against the men who took everything from him."
33,Die Hard,1988,"Action, Thriller","An off-duty police officer must save his wife and others taken hostage by terrorists during a Christmas party."
34,The Dark Knight,2008,"Action, Crime","A vigilante confronts a criminal mastermind who plunges a city into anarchy through chaos and fear."
35,Edge of Tomorrow,2014,"Sci-Fi, Action","A soldier reliving the same brutal battle day after day slowly becomes an expert in the fight against an alien invasion."
36,Her,2013,"Sci-Fi, Romance","A lonely writer develops an unlikely relationship with an operating system designed to meet his every need."
37,Eternal Sunshine of the Spotless Mind,2004,"Romance, Sci-Fi","A heartbroken man undergoes a procedure to erase memories of his former girlfriend, only to fall for her again."
38,La La Land,2016,"Romance, Music","A jazz pianist and an aspiring actress fall in love while pursuing their dreams in Los Angeles."
39,Pride and Prejudice,2005,"Romance, Drama","A spirited young woman navigates matters of love and class in early 19th-century England."
40,About Time,2013,"Romance, Comedy","A young man discovers he can travel in time and uses it to improve his romantic and family life."
